"1";"Camera Lens Coffee Cup";"http://www.amazon.com/gp/product/B0058CW9UO/ref=as_li_ss_tl?ie=UTF8&camp=1789&creative=390957&creativeASIN=B0058CW9UO&linkCode=as2&tag=note0c3-20";"20";"1camera.jpg";"MF";"MF";"14";"999";"0";"0000-00-00 00:00:00";"2012-10-28 21:24:39"
"2";"Boyfriend Pillow";"http://www.amazon.com/gp/product/B002RWJ9S8/ref=as_li_ss_tl?ie=UTF8&camp=1789&creative=390957&creativeASIN=B002RWJ9S8&linkCode=as2&tag=note0c3-20";"35";"2pillow.jpg";"MF";"F";"14";"29";"23";"0000-00-00 00:00:00";"2012-10-28 21:26:01"
"3";"Silk Suitjama";"http://www.amazon.com/gp/product/B005PL9ZL4/ref=as_li_ss_tl?ie=UTF8&camp=1789&creative=390957&creativeASIN=B005PL9ZL4&linkCode=as2&tag=note0c3-20";"90";"4suit.jpg";"MF";"M";"18";"110";"0";"2012-10-26 07:33:13";"2012-10-28 21:26:39"
"4";"Boon Glo Nightlight ";"http://www.amazon.com/gp/product/B004IDG6XK/ref=as_li_ss_tl?ie=UTF8&camp=1789&creative=390957&creativeASIN=B004IDG6XK&linkCode=as2&tag=note0c3-20";"70";"5globes.jpg";"MF";"MF";"0";"1000";"0";"2012-10-27 23:52:15";"2012-10-27 23:52:15"
"5";"Cassette IPhone Case";"http://www.amazon.com/gp/product/B004JRYBL4/ref=as_li_ss_tl?ie=UTF8&camp=1789&creative=390957&creativeASIN=B004JRYBL4&linkCode=as2&tag=note0c3-20";"2";"6tape.jpg";"MF";"MF";"0";"1000";"0";"2012-10-28 00:01:04";"2012-10-30 04:47:50"
"6";"Deglon Meeting Knife Set, Stainless Steel Knives and Block";"https://www.amazon.com/dp/B002JTWRDS/ref=as_li_ss_til?tag=note0c3-20&camp=0&creative=0&linkCode=as4&creativeASIN=B002JTWRDS&adid=1FSP1EDPRCCZT9QA164D&";"731";"7knives.jpg";"MF";"MF";"27";"1000";"0";"2012-10-28 20:04:58";"2012-10-28 20:04:58"
"7";"Big Mouth Toys Toilet Mug";"http://www.amazon.com/gp/product/B002SQG4TU/ref=as_li_ss_tl?ie=UTF8&camp=1789&creative=390957&creativeASIN=B002SQG4TU&linkCode=as2&tag=note0c3-20";"10";"8mug.jpg";"MF";"M";"0";"25";"0";"2012-10-28 20:19:06";"2012-10-30 04:49:26"
"8";"Radio Controlled Flying F*%k Helicopter";"http://www.amazon.com/gp/product/B002ADD7N2/ref=as_li_ss_tl?ie=UTF8&camp=1789&creative=390957&creativeASIN=B002ADD7N2&linkCode=as2&tag=note0c3-20";"25";"9flying.jpg";"MF";"M";"18";"25";"23";"2012-10-28 20:21:22";"2012-10-30 04:49:14"
"9";"Fred and Friends Hopside Down Glass";"http://www.amazon.com/gp/product/B002ADD7N2/ref=as_li_ss_tl?ie=UTF8&camp=1789&creative=390957&creativeASIN=B002ADD7N2&linkCode=as2&tag=note0c3-20";"13";"10glass.jpg";"MF";"M";"18";"1000";"0";"2012-10-28 20:23:11";"2012-10-28 20:23:11"
"10";"Titanic Ice Cube Tray";"http://www.amazon.com/gp/product/B001GQ2SQ6/ref=as_li_ss_tl?ie=UTF8&camp=1789&creative=390957&creativeASIN=B001GQ2SQ6&linkCode=as2&tag=note0c3-20";"7";"11titanic.jpg";"MF";"MF";"18";"1000";"0";"2012-10-28 20:25:21";"2012-10-30 04:48:51"
"11";"All-edge Brownie Pan";"http://www.amazon.com/gp/product/B000MMK448/ref=as_li_ss_tl?ie=UTF8&camp=1789&creative=390957&creativeASIN=B000MMK448&linkCode=as2&tag=note0c3-20";"35";"12brownies.jpg";"MF";"F";"0";"1000";"0";"2012-10-28 20:29:52";"2012-10-28 20:29:52"
"12";"Fish Hotel Acquarium";"http://www.amazon.com/gp/product/B0033FGDRS/ref=as_li_ss_tl?ie=UTF8&camp=1789&creative=390957&creativeASIN=B0033FGDRS&linkCode=as2&tag=note0c3-20";"35";"13fish.jpg";"MF";"MF";"0";"25";"23";"2012-10-28 20:33:21";"2012-10-28 20:33:21"
"13";"Like and Dislike Stamps (Set)";"http://www.amazon.com/gp/product/B004LUY9TS/ref=as_li_ss_tl?ie=UTF8&camp=1789&creative=390957&creativeASIN=B004LUY9TS&linkCode=as2&tag=note0c3-20";"11";"14like.jpg";"MF";"MF";"0";"25";"23";"2012-10-28 20:41:02";"2012-10-28 20:41:02"
"14";"Switchblade Bottle Opener";"http://www.amazon.com/gp/product/B006GQTENG/ref=as_li_ss_tl?ie=UTF8&camp=1789&creative=390957&creativeASIN=B006GQTENG&linkCode=as2&tag=note0c3-20";"16";"15switch.jpg";"MF";"M";"18";"999";"0";"2012-10-28 20:46:27";"2012-10-28 20:46:27"
"15";"The Hungoevr Cook Book";"http://www.amazon.com/gp/product/030788631X/ref=as_li_ss_tl?ie=UTF8&camp=1789&creative=390957&creativeASIN=030788631X&linkCode=as2&tag=note0c3-20";"8";"16hungoevr.jpg";"MF";"MF";"18";"1000";"0";"2012-10-28 20:49:25";"2012-10-28 20:49:25"
"16";"Bamboo Keyboard";"http://www.amazon.com/gp/customer-media/product-gallery/B003VOOOKY/?ie=UTF8&camp=1789&creative=390957&index=1&isremote=0&linkCode=ur2&tag=note0c3-20";"60";"17keyboard.jpg";"MF";"MF";"0";"1000";"0";"2012-10-28 20:57:16";"2012-10-29 15:16:35"
"17";"Wall Clock - Black Ice Tea";"http://www.amazon.com/gp/product/B006IZXP1M/ref=as_li_ss_tl?ie=UTF8&camp=1789&creative=390957&creativeASIN=B006IZXP1M&linkCode=as2&tag=note0c3-20";"1100";"18clock.jpg";"MF";"MF";"25";"1000";"0";"2012-10-28 21:00:50";"2012-10-28 21:00:50"
"18";"Shotgun Shell Shotglasses";"http://www.amazon.com/gp/product/B001UDIBIY/ref=as_li_ss_tl?ie=UTF8&camp=1789&creative=390957&creativeASIN=B001UDIBIY&linkCode=as2&tag=note0c3-20";"10";"19shot.jpg";"MF";"M";"18";"1000";"0";"2012-10-28 21:18:33";"2012-10-28 21:18:33"
"19";"TIME Magazine Cover Mirror";"http://www.amazon.com/gp/product/B004PFOPGG/ref=as_li_ss_tl?ie=UTF8&camp=1789&creative=390957&creativeASIN=B004PFOPGG&linkCode=as2&tag=note0c3-20";"40";"20mirror.jpg";"MF";"MF";"18";"29";"23";"2012-10-28 21:22:52";"2012-10-28 21:22:52"
